conversion_id,customer,timestamp,revenue_cents
V2,C002,2026-07-02T00:00:00,12680
V4,C004,2026-07-09T00:00:00,11367
V5,C005,2026-07-22T00:00:00,10743
V6,C006,2026-07-17T00:00:00,19773
V7,C007,2026-07-14T00:00:00,5664
V8,C008,2026-07-15T00:00:00,14204
V10,C010,2026-07-04T00:00:00,6497
V11,C011,2026-07-27T00:00:00,19668
V13,C013,2026-07-20T00:00:00,8115
V14,C014,2026-07-21T00:00:00,11555
V17,C017,2026-07-02T00:00:00,18843
V19,C019,2026-07-08T00:00:00,19304
V21,C021,2026-07-27T00:00:00,5042
V22,C022,2026-07-13T00:00:00,4279
V23,C023,2026-07-17T00:00:00,3215
V29,C029,2026-07-06T00:00:00,15723
V30,C030,2026-07-10T00:00:00,11673
V31,C031,2026-07-17T00:00:00,17073
V32,C032,2026-07-02T00:00:00,13629
V34,C034,2026-07-04T00:00:00,17977
V35,C035,2026-07-26T00:00:00,9000
V36,C036,2026-07-26T00:00:00,9320
V38,C038,2026-07-08T00:00:00,14762
V39,C039,2026-07-05T00:00:00,19176
V40,C040,2026-07-23T00:00:00,7929
V41,C041,2026-07-15T00:00:00,8069
V44,C044,2026-07-25T00:00:00,13761
V50,C050,2026-07-10T00:00:00,7476
V51,C051,2026-07-03T00:00:00,9438
V53,C053,2026-07-12T00:00:00,12158
V54,C054,2026-07-08T00:00:00,9435
V56,C056,2026-07-08T00:00:00,12110
V61,C061,2026-07-23T00:00:00,3302
V62,C062,2026-07-01T00:00:00,18828
V64,C064,2026-07-24T00:00:00,14506
V66,C066,2026-07-26T00:00:00,16614
V67,C067,2026-07-21T00:00:00,18433
V71,C071,2026-07-12T00:00:00,11668
V72,C072,2026-07-26T00:00:00,11121
V73,C073,2026-07-02T00:00:00,6464
V75,C075,2026-07-23T00:00:00,8536
V77,C077,2026-07-02T00:00:00,12259
V78,C078,2026-07-17T00:00:00,19909
V79,C079,2026-07-15T00:00:00,3205
V80,C080,2026-07-13T00:00:00,4601
V81,C081,2026-07-11T00:00:00,15602
V84,C084,2026-07-02T00:00:00,17133
V86,C086,2026-07-14T00:00:00,16750
V87,C087,2026-07-27T00:00:00,13257
V88,C088,2026-07-02T00:00:00,19115
V89,C089,2026-07-03T00:00:00,16715
V91,C091,2026-07-22T00:00:00,7624
V93,C093,2026-07-02T00:00:00,10907
V98,C098,2026-07-25T00:00:00,3506
V100,C100,2026-07-09T00:00:00,18423
V102,C102,2026-07-10T00:00:00,17006
V103,C103,2026-07-16T00:00:00,15456
V106,C106,2026-07-22T00:00:00,11456
V108,C108,2026-07-12T00:00:00,8010
V109,C109,2026-07-23T00:00:00,4767
V110,C110,2026-07-06T00:00:00,6953
V111,C111,2026-07-25T00:00:00,14772
V112,C112,2026-07-23T00:00:00,12175
V115,C115,2026-07-04T00:00:00,4577
V116,C116,2026-07-25T00:00:00,15861
V117,C117,2026-07-17T00:00:00,17453
V119,C119,2026-07-13T00:00:00,16582
V121,C121,2026-07-22T00:00:00,14369
V122,C122,2026-07-14T00:00:00,8824
V124,C124,2026-07-05T00:00:00,6550
V129,C129,2026-07-17T00:00:00,6892
V131,C131,2026-07-04T00:00:00,9909
V132,C132,2026-07-19T00:00:00,17384
V133,C133,2026-07-16T00:00:00,3545
V135,C135,2026-07-09T00:00:00,19855
V136,C136,2026-07-12T00:00:00,3136
V137,C137,2026-07-10T00:00:00,8894
V141,C141,2026-07-28T00:00:00,13476
V142,C142,2026-07-06T00:00:00,18166
V143,C143,2026-07-09T00:00:00,7376
V144,C144,2026-07-22T00:00:00,11483
V145,C145,2026-07-02T00:00:00,19991
V147,C147,2026-07-06T00:00:00,4672
V148,C148,2026-07-01T00:00:00,3265
V149,C149,2026-07-17T00:00:00,6222
V150,C150,2026-07-25T00:00:00,8210
V152,C152,2026-07-24T00:00:00,12452
V153,C153,2026-07-23T00:00:00,16704
V154,C154,2026-07-03T00:00:00,11270
V156,C156,2026-07-01T00:00:00,3950
V157,C157,2026-07-15T00:00:00,11489
V158,C158,2026-07-28T00:00:00,15403
V159,C159,2026-07-14T00:00:00,15953
V160,C160,2026-07-07T00:00:00,3712
V165,C165,2026-07-25T00:00:00,3705
V169,C169,2026-07-04T00:00:00,7903
V171,C171,2026-07-21T00:00:00,6881
V175,C175,2026-07-24T00:00:00,3020
V176,C176,2026-07-03T00:00:00,11339
V177,C177,2026-07-15T00:00:00,3101
V179,C179,2026-07-20T00:00:00,14288
V182,C182,2026-07-05T00:00:00,2585
V183,C183,2026-07-16T00:00:00,16993
V185,C185,2026-07-09T00:00:00,10075
V186,C186,2026-07-22T00:00:00,12347
V188,C188,2026-07-19T00:00:00,19430
V190,C190,2026-07-18T00:00:00,3586
V191,C191,2026-07-23T00:00:00,15812
V192,C192,2026-07-25T00:00:00,2669
V193,C193,2026-07-20T00:00:00,11885
V194,C194,2026-07-11T00:00:00,10036
V195,C195,2026-07-21T00:00:00,14440
V197,C197,2026-07-05T00:00:00,7519
V198,C198,2026-07-10T00:00:00,5772
V199,C199,2026-07-04T00:00:00,16788
