touch_id,customer,timestamp,channel
1,C000,2026-07-03T23:00:00,Referral
2,C000,2026-06-27T03:00:00,Search
3,C000,2026-06-03T10:00:00,Email
4,C001,2026-06-21T12:00:00,Search
5,C001,2026-06-19T08:00:00,Social
6,C001,2026-05-24T05:00:00,Referral
7,C003,2026-07-06T07:00:00,Search
8,C003,2026-06-19T03:00:00,Search
9,C003,2026-06-14T04:00:00,Email
10,C004,2026-05-29T04:00:00,Referral
11,C004,2026-06-25T16:00:00,Social
12,C005,2026-07-03T13:00:00,Search
13,C005,2026-07-07T09:00:00,Search
14,C006,2026-06-24T22:00:00,Referral
15,C006,2026-06-30T01:00:00,Social
16,C006,2026-07-03T21:00:00,Email
17,C006,2026-06-30T01:00:00,Search
18,C007,2026-07-10T05:00:00,Search
19,C007,2026-06-25T01:00:00,Email
20,C007,2026-07-09T19:00:00,Referral
21,C007,2026-06-10T16:00:00,Referral
22,C007,2026-07-11T12:00:00,Social
23,C007,2026-06-22T03:00:00,Social
24,C008,2026-07-07T16:00:00,Search
25,C008,2026-06-21T16:00:00,Referral
26,C008,2026-06-30T02:00:00,Social
27,C009,2026-07-02T01:00:00,Search
28,C009,2026-07-18T07:00:00,Social
29,C009,2026-06-17T00:00:00,Social
30,C011,2026-06-17T16:00:00,Referral
31,C011,2026-07-25T03:00:00,Search
32,C012,2026-06-05T19:00:00,Referral
33,C012,2026-06-14T16:00:00,Search
34,C012,2026-06-07T13:00:00,Email
35,C012,2026-05-25T06:00:00,Search
36,C013,2026-06-09T18:00:00,Search
37,C013,2026-07-19T05:00:00,Social
38,C013,2026-06-28T15:00:00,Email
39,C013,2026-06-22T22:00:00,Search
40,C014,2026-06-21T03:00:00,Email
41,C014,2026-07-13T10:00:00,Search
42,C014,2026-07-17T17:00:00,Social
43,C014,2026-07-05T23:00:00,Search
44,C014,2026-07-11T18:00:00,Email
45,C014,2026-06-30T05:00:00,Search
46,C015,2026-06-30T05:00:00,Referral
47,C016,2026-07-07T23:00:00,Social
48,C016,2026-07-11T08:00:00,Social
49,C016,2026-06-26T21:00:00,Search
50,C016,2026-07-04T05:00:00,Social
51,C016,2026-06-10T20:00:00,Referral
52,C017,2026-06-12T04:00:00,Email
53,C017,2026-06-21T09:00:00,Social
54,C017,2026-06-27T04:00:00,Email
55,C017,2026-05-23T15:00:00,Search
56,C017,2026-05-23T06:00:00,Social
57,C017,2026-06-24T09:00:00,Email
58,C018,2026-07-04T04:00:00,Referral
59,C018,2026-06-06T02:00:00,Search
60,C018,2026-06-24T04:00:00,Search
61,C018,2026-06-26T19:00:00,Referral
62,C019,2026-06-15T04:00:00,Referral
63,C019,2026-07-02T00:00:00,Email
64,C019,2026-06-23T09:00:00,Email
65,C019,2026-06-01T03:00:00,Search
66,C019,2026-06-08T00:00:00,Referral
67,C019,2026-06-12T01:00:00,Search
68,C019,2026-06-30T12:00:00,Email
69,C020,2026-06-27T22:00:00,Email
70,C020,2026-06-16T13:00:00,Social
71,C020,2026-06-24T03:00:00,Referral
72,C021,2026-06-15T10:00:00,Social
73,C021,2026-07-05T16:00:00,Referral
74,C022,2026-06-12T20:00:00,Social
75,C022,2026-07-09T08:00:00,Search
76,C022,2026-06-03T16:00:00,Referral
77,C023,2026-07-08T14:00:00,Email
78,C023,2026-06-10T02:00:00,Search
79,C025,2026-07-22T19:00:00,Search
80,C026,2026-05-29T23:00:00,Email
81,C026,2026-05-31T04:00:00,Referral
82,C026,2026-06-14T11:00:00,Email
83,C026,2026-06-25T06:00:00,Search
84,C027,2026-06-27T00:00:00,Email
85,C027,2026-07-25T20:00:00,Social
86,C027,2026-07-15T15:00:00,Search
87,C027,2026-07-20T23:00:00,Email
88,C027,2026-07-13T06:00:00,Search
89,C028,2026-05-26T07:00:00,Referral
90,C029,2026-06-15T15:00:00,Email
91,C029,2026-06-18T07:00:00,Referral
92,C030,2026-06-16T21:00:00,Social
93,C030,2026-06-02T12:00:00,Email
94,C030,2026-06-01T10:00:00,Search
95,C031,2026-07-13T00:00:00,Social
96,C031,2026-06-11T21:00:00,Social
97,C031,2026-06-14T22:00:00,Email
98,C032,2026-06-21T14:00:00,Social
99,C032,2026-06-27T03:00:00,Referral
100,C032,2026-06-18T01:00:00,Social
101,C032,2026-06-10T11:00:00,Referral
102,C033,2026-07-01T08:00:00,Referral
103,C033,2026-06-18T11:00:00,Search
104,C033,2026-06-20T03:00:00,Referral
105,C033,2026-06-02T12:00:00,Referral
106,C033,2026-06-21T14:00:00,Social
107,C033,2026-06-24T19:00:00,Search
108,C034,2026-05-29T00:00:00,Referral
109,C034,2026-06-01T20:00:00,Search
110,C035,2026-06-29T03:00:00,Social
111,C035,2026-07-25T02:00:00,Social
112,C035,2026-07-01T00:00:00,Email
113,C035,2026-07-03T01:00:00,Social
114,C036,2026-06-24T11:00:00,Referral
115,C036,2026-07-06T20:00:00,Social
116,C036,2026-06-22T21:00:00,Referral
117,C036,2026-06-27T12:00:00,Referral
118,C036,2026-07-02T06:00:00,Referral
119,C037,2026-07-16T09:00:00,Email
120,C037,2026-06-26T21:00:00,Email
121,C037,2026-07-01T13:00:00,Search
122,C038,2026-06-22T20:00:00,Referral
123,C038,2026-06-03T22:00:00,Email
124,C038,2026-07-02T17:00:00,Social
125,C039,2026-07-03T00:00:00,Email
126,C039,2026-06-07T05:00:00,Search
127,C040,2026-07-06T02:00:00,Social
128,C040,2026-07-18T15:00:00,Email
129,C040,2026-07-01T10:00:00,Email
130,C041,2026-07-08T06:00:00,Referral
131,C041,2026-06-04T20:00:00,Social
132,C041,2026-06-23T07:00:00,Social
133,C041,2026-06-14T20:00:00,Search
134,C041,2026-07-03T20:00:00,Email
135,C042,2026-06-06T08:00:00,Email
136,C043,2026-07-04T02:00:00,Email
137,C043,2026-07-08T06:00:00,Social
138,C043,2026-06-16T06:00:00,Search
139,C043,2026-06-21T19:00:00,Search
140,C043,2026-07-02T12:00:00,Search
141,C043,2026-07-17T13:00:00,Referral
142,C043,2026-06-21T06:00:00,Email
143,C044,2026-07-15T03:00:00,Referral
144,C045,2026-07-13T17:00:00,Email
145,C045,2026-06-10T11:00:00,Referral
146,C045,2026-06-28T04:00:00,Search
147,C045,2026-06-11T09:00:00,Search
148,C046,2026-07-11T06:00:00,Referral
149,C047,2026-06-02T21:00:00,Referral
150,C047,2026-06-12T21:00:00,Search
151,C047,2026-06-15T14:00:00,Search
152,C047,2026-05-25T12:00:00,Referral
153,C047,2026-06-14T09:00:00,Social
154,C047,2026-06-18T16:00:00,Search
155,C047,2026-06-04T20:00:00,Social
156,C048,2026-07-19T05:00:00,Referral
157,C049,2026-06-05T11:00:00,Social
158,C049,2026-06-21T14:00:00,Social
159,C049,2026-07-03T22:00:00,Search
160,C049,2026-07-10T04:00:00,Search
161,C049,2026-07-02T18:00:00,Email
162,C049,2026-06-23T00:00:00,Referral
163,C050,2026-06-08T17:00:00,Email
164,C050,2026-06-24T07:00:00,Email
165,C050,2026-07-06T12:00:00,Referral
166,C050,2026-05-29T10:00:00,Social
167,C050,2026-07-03T22:00:00,Social
168,C051,2026-05-31T19:00:00,Email
169,C051,2026-06-01T12:00:00,Search
170,C051,2026-05-29T08:00:00,Referral
171,C051,2026-06-10T13:00:00,Referral
172,C052,2026-07-03T02:00:00,Search
173,C052,2026-05-30T14:00:00,Referral
174,C052,2026-06-29T23:00:00,Email
175,C052,2026-06-25T12:00:00,Search
176,C053,2026-07-04T17:00:00,Social
177,C053,2026-06-30T22:00:00,Social
178,C053,2026-06-08T15:00:00,Referral
179,C053,2026-06-12T17:00:00,Referral
180,C053,2026-07-07T02:00:00,Email
181,C053,2026-07-06T04:00:00,Email
182,C054,2026-06-23T03:00:00,Email
183,C054,2026-06-11T17:00:00,Search
184,C054,2026-06-09T11:00:00,Email
185,C054,2026-06-09T03:00:00,Referral
186,C054,2026-06-14T07:00:00,Social
187,C055,2026-06-21T08:00:00,Email
188,C055,2026-06-29T08:00:00,Search
189,C057,2026-06-16T03:00:00,Search
190,C059,2026-06-23T23:00:00,Referral
191,C059,2026-07-08T09:00:00,Social
192,C059,2026-06-23T16:00:00,Social
193,C059,2026-07-18T13:00:00,Email
194,C059,2026-07-14T17:00:00,Search
195,C059,2026-07-12T09:00:00,Social
196,C059,2026-07-22T08:00:00,Search
197,C060,2026-06-10T18:00:00,Email
198,C060,2026-07-05T01:00:00,Social
199,C060,2026-07-03T07:00:00,Email
200,C062,2026-05-21T16:00:00,Referral
201,C062,2026-06-14T12:00:00,Search
202,C062,2026-06-15T20:00:00,Referral
203,C062,2026-06-09T00:00:00,Search
204,C063,2026-07-03T08:00:00,Social
205,C063,2026-07-09T10:00:00,Social
206,C063,2026-07-15T23:00:00,Email
207,C063,2026-07-17T14:00:00,Referral
208,C063,2026-07-06T02:00:00,Email
209,C064,2026-06-13T00:00:00,Email
210,C065,2026-06-27T00:00:00,Email
211,C066,2026-07-08T09:00:00,Social
212,C066,2026-06-23T13:00:00,Search
213,C066,2026-07-04T23:00:00,Social
214,C066,2026-07-15T20:00:00,Social
215,C067,2026-06-16T03:00:00,Email
216,C068,2026-07-11T06:00:00,Email
217,C068,2026-06-04T05:00:00,Referral
218,C068,2026-07-10T04:00:00,Referral
219,C068,2026-07-02T06:00:00,Email
220,C068,2026-06-05T00:00:00,Social
221,C068,2026-06-10T19:00:00,Referral
222,C068,2026-06-22T00:00:00,Email
223,C069,2026-07-02T16:00:00,Referral
224,C069,2026-07-09T15:00:00,Referral
225,C069,2026-07-04T02:00:00,Referral
226,C069,2026-06-11T10:00:00,Search
227,C069,2026-06-18T22:00:00,Referral
228,C069,2026-06-09T05:00:00,Email
229,C070,2026-07-03T08:00:00,Search
230,C072,2026-07-25T13:00:00,Social
231,C072,2026-07-08T17:00:00,Email
232,C072,2026-07-06T01:00:00,Social
233,C072,2026-07-23T20:00:00,Referral
234,C072,2026-07-18T06:00:00,Social
235,C072,2026-07-10T18:00:00,Social
236,C073,2026-06-28T04:00:00,Search
237,C073,2026-06-28T07:00:00,Referral
238,C073,2026-05-21T14:00:00,Social
239,C073,2026-06-07T16:00:00,Social
240,C073,2026-06-10T05:00:00,Search
241,C074,2026-07-26T08:00:00,Referral
242,C074,2026-07-13T19:00:00,Social
243,C074,2026-06-16T18:00:00,Search
244,C074,2026-06-26T11:00:00,Search
245,C075,2026-06-30T03:00:00,Social
246,C075,2026-06-29T18:00:00,Social
247,C075,2026-07-18T21:00:00,Social
248,C076,2026-06-24T15:00:00,Search
249,C076,2026-06-15T08:00:00,Referral
250,C076,2026-06-23T20:00:00,Referral
251,C076,2026-06-29T08:00:00,Email
252,C076,2026-06-23T16:00:00,Referral
253,C076,2026-06-10T07:00:00,Email
254,C076,2026-06-28T08:00:00,Email
255,C077,2026-06-19T17:00:00,Search
256,C077,2026-06-05T07:00:00,Social
257,C077,2026-06-05T06:00:00,Social
258,C077,2026-06-14T18:00:00,Email
259,C078,2026-06-21T11:00:00,Referral
260,C079,2026-07-02T12:00:00,Search
261,C079,2026-07-08T05:00:00,Search
262,C079,2026-07-10T06:00:00,Social
263,C080,2026-06-02T11:00:00,Email
264,C080,2026-06-25T02:00:00,Search
265,C080,2026-07-06T01:00:00,Email
266,C080,2026-06-24T05:00:00,Email
267,C081,2026-06-07T08:00:00,Email
268,C081,2026-06-14T01:00:00,Search
269,C082,2026-05-25T14:00:00,Referral
270,C083,2026-05-31T13:00:00,Email
271,C083,2026-06-02T11:00:00,Social
272,C083,2026-06-06T01:00:00,Social
273,C083,2026-06-05T11:00:00,Social
274,C083,2026-05-30T21:00:00,Social
275,C084,2026-06-14T07:00:00,Search
276,C084,2026-06-06T17:00:00,Referral
277,C084,2026-05-26T13:00:00,Referral
278,C084,2026-05-24T19:00:00,Social
279,C084,2026-06-18T08:00:00,Search
280,C084,2026-06-22T11:00:00,Referral
281,C084,2026-05-23T07:00:00,Referral
282,C085,2026-06-15T07:00:00,Social
283,C085,2026-05-27T17:00:00,Referral
284,C085,2026-06-30T22:00:00,Referral
285,C085,2026-06-04T18:00:00,Search
286,C086,2026-07-04T01:00:00,Referral
287,C086,2026-06-23T08:00:00,Search
288,C086,2026-06-04T06:00:00,Email
289,C086,2026-06-26T08:00:00,Search
290,C086,2026-07-03T19:00:00,Search
291,C086,2026-06-16T09:00:00,Social
292,C087,2026-07-20T15:00:00,Referral
293,C087,2026-06-21T11:00:00,Social
294,C087,2026-06-20T09:00:00,Email
295,C087,2026-07-07T22:00:00,Search
296,C087,2026-07-14T14:00:00,Social
297,C087,2026-06-19T07:00:00,Referral
298,C088,2026-06-04T23:00:00,Social
299,C088,2026-06-30T03:00:00,Social
300,C089,2026-06-16T16:00:00,Email
301,C090,2026-06-26T08:00:00,Referral
302,C090,2026-06-29T22:00:00,Search
303,C090,2026-06-24T07:00:00,Social
304,C090,2026-06-06T01:00:00,Social
305,C090,2026-06-01T08:00:00,Email
306,C090,2026-06-09T22:00:00,Email
307,C090,2026-06-15T01:00:00,Email
308,C091,2026-07-21T14:00:00,Search
309,C091,2026-07-02T22:00:00,Referral
310,C091,2026-07-10T01:00:00,Referral
311,C091,2026-07-17T17:00:00,Social
312,C091,2026-06-13T03:00:00,Referral
313,C091,2026-06-30T06:00:00,Social
314,C091,2026-07-19T23:00:00,Social
315,C092,2026-05-22T03:00:00,Email
316,C092,2026-06-30T03:00:00,Email
317,C092,2026-06-29T20:00:00,Email
318,C092,2026-06-01T21:00:00,Search
319,C093,2026-05-31T22:00:00,Referral
320,C093,2026-06-23T06:00:00,Referral
321,C093,2026-05-26T09:00:00,Search
322,C094,2026-07-12T13:00:00,Search
323,C095,2026-07-14T20:00:00,Social
324,C096,2026-06-19T16:00:00,Social
325,C097,2026-06-24T03:00:00,Email
326,C097,2026-06-16T07:00:00,Referral
327,C098,2026-07-02T04:00:00,Search
328,C099,2026-07-09T16:00:00,Search
329,C099,2026-07-10T07:00:00,Email
330,C099,2026-06-08T05:00:00,Search
331,C099,2026-06-30T16:00:00,Search
332,C100,2026-06-19T16:00:00,Referral
333,C100,2026-06-08T14:00:00,Search
334,C100,2026-06-05T20:00:00,Search
335,C100,2026-06-30T11:00:00,Search
336,C101,2026-07-05T02:00:00,Social
337,C101,2026-06-11T10:00:00,Referral
338,C101,2026-06-22T23:00:00,Search
339,C101,2026-06-20T22:00:00,Social
340,C101,2026-06-16T09:00:00,Social
341,C102,2026-06-04T17:00:00,Email
342,C103,2026-06-24T06:00:00,Email
343,C103,2026-07-01T14:00:00,Social
344,C103,2026-07-06T14:00:00,Social
345,C103,2026-06-29T14:00:00,Search
346,C103,2026-07-14T03:00:00,Email
347,C103,2026-07-04T12:00:00,Social
348,C103,2026-07-10T02:00:00,Search
349,C104,2026-06-21T00:00:00,Search
350,C104,2026-06-11T01:00:00,Search
351,C104,2026-06-26T07:00:00,Social
352,C104,2026-06-30T22:00:00,Search
353,C105,2026-07-25T14:00:00,Email
354,C105,2026-07-06T19:00:00,Email
355,C105,2026-06-15T00:00:00,Referral
356,C105,2026-07-16T20:00:00,Search
357,C107,2026-06-29T02:00:00,Search
358,C107,2026-06-04T05:00:00,Social
359,C107,2026-06-12T15:00:00,Search
360,C108,2026-06-27T23:00:00,Email
361,C108,2026-07-05T16:00:00,Search
362,C108,2026-07-10T10:00:00,Search
363,C108,2026-07-06T14:00:00,Email
364,C110,2026-06-14T09:00:00,Referral
365,C111,2026-07-13T14:00:00,Referral
366,C111,2026-06-16T19:00:00,Social
367,C111,2026-06-29T15:00:00,Social
368,C111,2026-06-19T18:00:00,Referral
369,C112,2026-06-20T01:00:00,Social
370,C113,2026-07-03T07:00:00,Social
371,C113,2026-06-04T01:00:00,Social
372,C113,2026-05-23T08:00:00,Referral
373,C113,2026-06-20T15:00:00,Social
374,C114,2026-06-01T23:00:00,Search
375,C114,2026-06-16T23:00:00,Email
376,C114,2026-07-03T13:00:00,Referral
377,C114,2026-07-04T23:00:00,Social
378,C114,2026-06-12T18:00:00,Referral
379,C114,2026-06-03T10:00:00,Referral
380,C114,2026-06-19T04:00:00,Search
381,C115,2026-06-20T22:00:00,Referral
382,C115,2026-06-10T03:00:00,Social
383,C115,2026-06-24T17:00:00,Referral
384,C115,2026-06-07T07:00:00,Referral
385,C115,2026-07-01T14:00:00,Search
386,C115,2026-07-02T19:00:00,Email
387,C117,2026-06-23T11:00:00,Referral
388,C117,2026-06-07T10:00:00,Social
389,C117,2026-07-01T14:00:00,Social
390,C117,2026-07-13T15:00:00,Email
391,C117,2026-07-01T10:00:00,Referral
392,C117,2026-06-20T04:00:00,Search
393,C117,2026-06-24T05:00:00,Search
394,C119,2026-07-07T22:00:00,Search
395,C120,2026-05-27T15:00:00,Social
396,C121,2026-06-18T10:00:00,Email
397,C122,2026-06-03T18:00:00,Email
398,C122,2026-06-13T06:00:00,Search
399,C122,2026-06-21T21:00:00,Referral
400,C122,2026-06-26T17:00:00,Referral
401,C122,2026-06-30T14:00:00,Search
402,C123,2026-06-26T13:00:00,Search
403,C123,2026-06-04T09:00:00,Email
404,C123,2026-06-07T12:00:00,Referral
405,C124,2026-06-08T01:00:00,Search
406,C124,2026-05-27T08:00:00,Email
407,C124,2026-05-31T05:00:00,Email
408,C125,2026-06-16T11:00:00,Social
409,C125,2026-06-18T00:00:00,Social
410,C125,2026-06-30T20:00:00,Social
411,C125,2026-06-04T17:00:00,Search
412,C126,2026-06-22T22:00:00,Social
413,C126,2026-06-27T08:00:00,Email
414,C126,2026-07-18T17:00:00,Email
415,C126,2026-07-14T00:00:00,Social
416,C126,2026-07-13T12:00:00,Search
417,C126,2026-07-01T01:00:00,Search
418,C126,2026-07-10T12:00:00,Search
419,C128,2026-06-05T04:00:00,Email
420,C128,2026-05-31T10:00:00,Social
421,C128,2026-07-07T03:00:00,Social
422,C128,2026-07-01T06:00:00,Referral
423,C128,2026-07-07T21:00:00,Email
424,C128,2026-06-20T18:00:00,Search
425,C129,2026-06-16T16:00:00,Referral
426,C129,2026-06-19T05:00:00,Search
427,C129,2026-06-23T21:00:00,Social
428,C129,2026-06-18T17:00:00,Email
429,C129,2026-07-06T00:00:00,Referral
430,C129,2026-06-21T14:00:00,Search
431,C130,2026-06-29T15:00:00,Referral
432,C132,2026-06-23T07:00:00,Referral
433,C132,2026-06-30T23:00:00,Referral
434,C132,2026-07-07T14:00:00,Email
435,C132,2026-06-20T05:00:00,Email
436,C132,2026-06-08T18:00:00,Social
437,C132,2026-07-16T05:00:00,Referral
438,C132,2026-07-12T05:00:00,Email
439,C133,2026-06-18T20:00:00,Referral
440,C133,2026-06-09T11:00:00,Referral
441,C134,2026-07-01T14:00:00,Email
442,C134,2026-07-14T18:00:00,Referral
443,C134,2026-06-17T10:00:00,Referral
444,C135,2026-06-07T02:00:00,Referral
445,C135,2026-06-07T10:00:00,Email
446,C135,2026-06-02T03:00:00,Email
447,C135,2026-07-02T22:00:00,Referral
448,C136,2026-06-10T01:00:00,Search
449,C136,2026-06-15T07:00:00,Email
450,C138,2026-06-15T02:00:00,Search
451,C138,2026-06-22T04:00:00,Search
452,C138,2026-06-27T20:00:00,Referral
453,C138,2026-07-05T01:00:00,Search
454,C138,2026-06-27T17:00:00,Referral
455,C138,2026-06-08T19:00:00,Email
456,C140,2026-07-03T06:00:00,Email
457,C140,2026-06-02T12:00:00,Social
458,C140,2026-05-28T09:00:00,Social
459,C140,2026-06-05T11:00:00,Referral
460,C140,2026-05-31T13:00:00,Referral
461,C140,2026-06-04T23:00:00,Email
462,C141,2026-07-09T15:00:00,Social
463,C142,2026-06-09T19:00:00,Referral
464,C142,2026-06-23T18:00:00,Referral
465,C143,2026-06-01T15:00:00,Email
466,C143,2026-06-02T05:00:00,Referral
467,C143,2026-07-08T23:00:00,Email
468,C143,2026-06-14T15:00:00,Email
469,C143,2026-06-19T09:00:00,Search
470,C144,2026-06-14T06:00:00,Email
471,C144,2026-07-17T16:00:00,Email
472,C144,2026-07-11T10:00:00,Email
473,C145,2026-06-23T12:00:00,Social
474,C145,2026-06-15T23:00:00,Email
475,C145,2026-07-01T15:00:00,Social
476,C145,2026-06-22T14:00:00,Email
477,C145,2026-06-16T00:00:00,Search
478,C145,2026-06-07T22:00:00,Referral
479,C145,2026-06-01T02:00:00,Search
480,C146,2026-07-10T23:00:00,Search
481,C146,2026-06-19T06:00:00,Search
482,C146,2026-06-25T20:00:00,Search
483,C146,2026-07-06T02:00:00,Search
484,C146,2026-06-26T08:00:00,Email
485,C146,2026-06-20T02:00:00,Social
486,C146,2026-07-13T02:00:00,Search
487,C147,2026-05-25T21:00:00,Social
488,C147,2026-06-26T10:00:00,Referral
489,C147,2026-05-31T20:00:00,Search
490,C147,2026-06-16T17:00:00,Search
491,C147,2026-05-27T05:00:00,Referral
492,C149,2026-07-02T08:00:00,Social
493,C149,2026-06-30T12:00:00,Email
494,C150,2026-06-15T05:00:00,Search
495,C152,2026-06-18T02:00:00,Email
496,C152,2026-06-18T20:00:00,Referral
497,C153,2026-06-21T03:00:00,Referral
498,C153,2026-07-09T00:00:00,Referral
499,C154,2026-06-11T19:00:00,Referral
500,C154,2026-06-15T07:00:00,Email
501,C154,2026-06-21T13:00:00,Referral
502,C154,2026-06-26T11:00:00,Referral
503,C154,2026-06-01T20:00:00,Email
504,C154,2026-06-17T00:00:00,Search
505,C154,2026-05-24T13:00:00,Search
506,C155,2026-06-06T21:00:00,Referral
507,C156,2026-06-13T13:00:00,Social
508,C156,2026-06-16T21:00:00,Search
509,C156,2026-06-26T16:00:00,Search
510,C156,2026-06-13T00:00:00,Social
511,C156,2026-06-21T21:00:00,Search
512,C156,2026-05-25T13:00:00,Search
513,C156,2026-06-25T02:00:00,Search
514,C157,2026-06-18T09:00:00,Referral
515,C157,2026-06-29T08:00:00,Referral
516,C157,2026-06-05T06:00:00,Email
517,C157,2026-06-19T19:00:00,Email
518,C158,2026-06-16T17:00:00,Email
519,C159,2026-06-16T14:00:00,Referral
520,C159,2026-06-13T17:00:00,Social
521,C159,2026-06-27T22:00:00,Social
522,C159,2026-06-12T15:00:00,Social
523,C159,2026-06-20T07:00:00,Referral
524,C160,2026-06-25T14:00:00,Email
525,C160,2026-06-17T15:00:00,Search
526,C160,2026-06-11T02:00:00,Email
527,C160,2026-06-18T02:00:00,Referral
528,C160,2026-06-24T16:00:00,Email
529,C160,2026-06-05T04:00:00,Email
530,C161,2026-06-29T08:00:00,Referral
531,C161,2026-06-22T13:00:00,Social
532,C161,2026-06-18T22:00:00,Social
533,C161,2026-06-07T02:00:00,Search
534,C161,2026-07-07T02:00:00,Social
535,C161,2026-06-22T10:00:00,Social
536,C161,2026-06-27T13:00:00,Email
537,C162,2026-07-17T08:00:00,Email
538,C162,2026-06-29T15:00:00,Search
539,C162,2026-06-10T00:00:00,Email
540,C163,2026-06-22T13:00:00,Referral
541,C163,2026-06-14T14:00:00,Referral
542,C163,2026-06-27T02:00:00,Referral
543,C163,2026-06-17T05:00:00,Email
544,C167,2026-06-23T06:00:00,Search
545,C167,2026-06-22T09:00:00,Social
546,C167,2026-06-22T22:00:00,Social
547,C167,2026-06-15T20:00:00,Email
548,C168,2026-07-05T00:00:00,Search
549,C168,2026-07-06T21:00:00,Search
550,C168,2026-06-29T18:00:00,Search
551,C169,2026-05-27T05:00:00,Referral
552,C170,2026-07-04T00:00:00,Social
553,C170,2026-06-10T06:00:00,Social
554,C170,2026-07-03T01:00:00,Email
555,C170,2026-06-07T06:00:00,Email
556,C170,2026-06-29T16:00:00,Email
557,C170,2026-06-01T16:00:00,Email
558,C170,2026-06-25T10:00:00,Social
559,C171,2026-07-16T02:00:00,Referral
560,C171,2026-06-12T07:00:00,Referral
561,C171,2026-07-04T19:00:00,Social
562,C171,2026-07-06T10:00:00,Search
563,C171,2026-06-27T06:00:00,Email
564,C171,2026-07-01T15:00:00,Search
565,C171,2026-06-24T07:00:00,Search
566,C172,2026-06-07T07:00:00,Referral
567,C172,2026-06-07T08:00:00,Email
568,C172,2026-06-16T10:00:00,Social
569,C173,2026-06-15T11:00:00,Email
570,C173,2026-06-14T11:00:00,Social
571,C173,2026-06-05T19:00:00,Social
572,C174,2026-06-25T06:00:00,Referral
573,C174,2026-07-05T04:00:00,Search
574,C174,2026-06-19T20:00:00,Social
575,C174,2026-06-21T21:00:00,Search
576,C174,2026-07-05T08:00:00,Search
577,C174,2026-07-05T15:00:00,Search
578,C175,2026-06-17T23:00:00,Referral
579,C175,2026-07-01T23:00:00,Search
580,C175,2026-07-21T19:00:00,Social
581,C175,2026-06-30T12:00:00,Referral
582,C176,2026-06-26T06:00:00,Social
583,C176,2026-06-10T03:00:00,Search
584,C176,2026-06-08T02:00:00,Email
585,C176,2026-06-06T15:00:00,Email
586,C176,2026-06-26T10:00:00,Referral
587,C176,2026-05-28T14:00:00,Social
588,C176,2026-06-25T11:00:00,Social
589,C177,2026-07-03T06:00:00,Search
590,C178,2026-07-10T08:00:00,Referral
591,C178,2026-06-12T14:00:00,Email
592,C178,2026-07-09T16:00:00,Email
593,C178,2026-06-26T01:00:00,Email
594,C178,2026-07-04T11:00:00,Social
595,C178,2026-07-01T06:00:00,Search
596,C179,2026-06-09T07:00:00,Email
597,C179,2026-07-15T23:00:00,Search
598,C180,2026-06-28T15:00:00,Referral
599,C180,2026-06-13T22:00:00,Search
600,C180,2026-07-12T11:00:00,Search
601,C180,2026-06-14T22:00:00,Search
602,C181,2026-07-11T05:00:00,Social
603,C181,2026-07-05T12:00:00,Search
604,C181,2026-06-29T19:00:00,Social
605,C181,2026-06-27T07:00:00,Social
606,C183,2026-06-16T04:00:00,Social
607,C183,2026-07-08T11:00:00,Search
608,C183,2026-06-11T19:00:00,Social
609,C183,2026-06-11T14:00:00,Social
610,C183,2026-06-12T10:00:00,Referral
611,C184,2026-06-15T23:00:00,Search
612,C185,2026-07-01T22:00:00,Referral
613,C186,2026-06-30T07:00:00,Search
614,C186,2026-07-11T17:00:00,Referral
615,C186,2026-06-17T11:00:00,Search
616,C186,2026-06-29T06:00:00,Social
617,C186,2026-06-16T01:00:00,Referral
618,C186,2026-07-02T14:00:00,Referral
619,C188,2026-06-15T02:00:00,Search
620,C188,2026-06-26T09:00:00,Referral
621,C188,2026-06-23T13:00:00,Referral
622,C188,2026-06-17T05:00:00,Search
623,C188,2026-06-13T11:00:00,Search
624,C188,2026-07-12T04:00:00,Referral
625,C188,2026-07-17T23:00:00,Referral
626,C189,2026-05-29T13:00:00,Search
627,C189,2026-06-16T15:00:00,Social
628,C189,2026-06-04T13:00:00,Social
629,C190,2026-06-12T02:00:00,Search
630,C190,2026-06-14T18:00:00,Referral
631,C190,2026-06-15T06:00:00,Referral
632,C190,2026-06-07T01:00:00,Social
633,C190,2026-06-14T13:00:00,Referral
634,C191,2026-07-13T16:00:00,Email
635,C191,2026-07-17T13:00:00,Search
636,C191,2026-07-10T19:00:00,Email
637,C192,2026-06-19T23:00:00,Email
638,C192,2026-07-18T16:00:00,Social
639,C192,2026-07-10T08:00:00,Search
640,C192,2026-06-19T12:00:00,Referral
641,C192,2026-06-25T19:00:00,Email
642,C192,2026-06-19T03:00:00,Social
643,C192,2026-07-11T22:00:00,Referral
644,C193,2026-06-19T12:00:00,Referral
645,C193,2026-07-08T07:00:00,Email
646,C193,2026-07-12T23:00:00,Search
647,C193,2026-06-14T12:00:00,Search
648,C193,2026-07-14T10:00:00,Social
649,C193,2026-06-09T20:00:00,Email
650,C196,2026-06-30T15:00:00,Social
651,C196,2026-05-30T02:00:00,Search
652,C196,2026-06-12T20:00:00,Social
653,C197,2026-06-15T22:00:00,Search
654,C197,2026-06-24T04:00:00,Social
655,C197,2026-07-02T16:00:00,Referral
656,C197,2026-06-14T00:00:00,Search
657,C197,2026-06-26T23:00:00,Social
658,C197,2026-05-25T16:00:00,Referral
659,C198,2026-07-07T09:00:00,Referral
660,C198,2026-06-15T04:00:00,Email
661,C198,2026-07-03T21:00:00,Search
662,C198,2026-07-07T07:00:00,Search
663,C198,2026-06-13T06:00:00,Social
664,C198,2026-06-12T06:00:00,Social
665,C199,2026-06-10T18:00:00,Email
666,C199,2026-06-15T19:00:00,Email
667,C199,2026-07-01T08:00:00,Social
668,C199,2026-06-15T05:00:00,Email
669,C199,2026-06-12T03:00:00,Search
670,C199,2026-06-07T15:00:00,Referral
